Hostnames,FQDN,IP
ACCSBEAP4000,ACCSBEAP4000.ACDMZPRD.local,"[['10.26.8.105'], ['10.26.8.105'], ['10.26.8.105']]"
ACCSBEAP4001,ACCSBEAP4001.ACDMZPRD.local,"[['10.26.8.106'], ['10.26.8.106'], ['10.26.8.106']]"
ACCSBEAP4002,ACCSBEAP4002.acdmzstg.local,"[['10.26.8.107'], ['10.26.8.107'], ['10.26.8.107']]"
ACPSBEAPACPR03,ACPSBEAPACPR03.acsis.local,"[['10.26.18.24'], ['10.26.18.24'], ['10.26.18.24'], ['10.26.18.24']]"
ACPSBEAPSYPR11,ACPSBEAPSYPR11.emea.group.atlascopco.com,"[['10.199.16.220'], ['192.168.16.220'], ['10.26.14.82'], ['10.26.14.84'], ['10.26.14.85'], ['10.199.16.220'], ['192.168.16.220'], ['10.26.14.82', '10.26.14.84', '10.26.14.85'], ['10.126.173.26'], ['192.168.16.220'], ['10.199.16.220'], ['10.126.173.26'], ['10.26.14.85'], ['10.26.14.84'], ['10.26.14.82']]"
ACPSBEAPSYPR12,ACPSBEAPSYPR12.emea.group.atlascopco.com,"[['192.168.16.221'], ['10.26.14.83'], ['10.26.14.86'], ['10.199.16.221'], ['10.199.16.221'], ['192.168.16.221'], ['10.26.14.83', '10.26.14.86'], ['10.126.173.27'], ['10.26.14.86'], ['10.26.14.83'], ['10.126.173.27'], ['192.168.16.221'], ['10.199.16.221']]"
ACPSBEAPSYST12,ACPSBEAPSYST12.emea.group.atlascopco.com,"[['10.199.18.189'], ['10.26.17.155'], ['10.26.17.158'], ['192.168.16.179'], ['fe80::c3b:822e:9319:eba0', '10.26.17.155'], ['10.126.173.28'], ['10.126.173.28'], ['10.26.17.155'], ['fe80::c3b:822e:9319:eba0']]"
ACPSBEAPSYST13,ACPSBEAPSYST13.emea.group.atlascopco.com,"[['10.199.18.190'], ['10.26.17.156'], ['10.26.17.157'], ['192.168.16.180'], ['fe80::d404:6ea:60af:1699', '10.26.17.156', '10.26.17.157', '10.26.17.158'], ['10.126.173.29'], ['10.26.17.158'], ['10.26.17.157'], ['10.26.17.156'], ['fe80::d404:6ea:60af:1699'], ['10.126.173.29']]"
ACPSBEDBSYPRC1,ACPSBEDBSYPRC1.emea.group.atlascopco.com,"[['10.212.4.86'], ['10.199.16.218'], ['192.168.16.218'], ['10.26.14.77'], ['10.26.18.42'], ['10.26.14.89'], ['10.26.14.88'], ['10.26.14.79'], ['10.199.16.218'], [], [], [], [], ['192.168.16.218'], ['10.26.18.42'], ['10.26.14.89'], ['10.26.14.88'], ['10.26.14.79'], ['10.26.14.77']]"
ACPSBEDBSYPRC2,ACPSBEDBSYPRC2.emea.group.atlascopco.com,"[['10.212.4.94'], ['10.199.16.219'], ['192.168.16.219'], ['10.26.14.78'], ['10.26.18.43'], ['10.26.14.87'], ['10.26.14.80'], [], [], ['10.199.16.219'], ['10.26.18.43'], [], ['10.26.14.87'], ['10.26.14.80'], ['10.26.14.78'], ['192.168.16.219'], [], ['169.254.0.2'], ['fe80::353d:bf7a:ae5f:2084']]"
ACPSBEWWACPR06,ACPSBEWWACPR06.ACDMZPRD.local,"[['10.26.19.62'], ['10.26.19.66'], ['172.26.17.70'], ['172.26.17.74'], ['172.26.17.78'], ['172.26.17.82'], ['172.26.17.86'], ['172.26.17.90'], ['10.26.15.56'], ['193.109.72.125'], ['193.109.73.43'], ['193.109.72.126'], ['193.109.73.122'], ['193.109.73.41'], ['10.26.19.62', '10.26.19.66'], ['172.26.17.70', '172.26.17.74', '172.26.17.78', '172.26.17.82', '172.26.17.86', '172.26.17.90'], ['10.26.19.66'], ['10.26.19.62'], ['10.26.19.66'], ['10.26.19.62'], ['172.26.17.90'], ['172.26.17.86'], ['172.26.17.82'], ['172.26.17.78'], ['172.26.17.74'], ['172.26.17.70'], ['172.26.17.90'], ['172.26.17.86'], ['172.26.17.82'], ['172.26.17.78'], ['172.26.17.74'], ['172.26.17.70']]"
ACPSBEWWACPR07,ACPSBEWWACPR07.ACDMZPRD.local,"[['10.26.19.63'], ['10.26.19.67'], ['172.26.17.71'], ['172.26.17.75'], ['172.26.17.79'], ['172.26.17.83'], ['172.26.17.87'], ['172.26.17.95'], ['10.26.15.56'], ['193.109.72.125'], ['193.109.73.43'], ['193.109.72.126'], ['193.109.73.122'], ['193.109.73.41'], ['10.26.19.63', '10.26.19.67'], ['172.26.17.71', '172.26.17.75', '172.26.17.79', '172.26.17.83', '172.26.17.87', '172.26.17.95'], ['172.26.17.95'], ['172.26.17.87'], ['172.26.17.83'], ['172.26.17.79'], ['172.26.17.75'], ['172.26.17.71'], ['10.26.19.67'], ['10.26.19.63'], ['172.26.17.95'], ['172.26.17.87'], ['172.26.17.83'], ['172.26.17.79'], ['172.26.17.75'], ['172.26.17.71'], ['10.26.19.67'], ['10.26.19.63']]"
ACPSBEWWACPR08,ACPSBEWWACPR08.ACDMZPRD.local,"[['10.26.19.64'], ['10.26.19.68'], ['172.26.17.72'], ['172.26.17.76'], ['172.26.17.80'], ['172.26.17.84'], ['172.26.17.88'], ['172.26.17.92'], ['10.26.15.56'], ['193.109.72.125'], ['193.109.73.43'], ['193.109.72.126'], ['193.109.73.122'], ['193.109.73.41'], ['10.26.19.64', '10.26.19.68'], ['172.26.17.72', '172.26.17.76', '172.26.17.80', '172.26.17.84', '172.26.17.88', '172.26.17.92'], ['172.26.17.92'], ['172.26.17.88'], ['172.26.17.84'], ['172.26.17.80'], ['172.26.17.76'], ['172.26.17.72'], ['10.26.19.68'], ['10.26.19.64'], ['172.26.17.92'], ['172.26.17.88'], ['172.26.17.84'], ['172.26.17.80'], ['172.26.17.76'], ['172.26.17.72'], ['10.26.19.68'], ['10.26.19.64']]"
ACPSBEWWACPR09,ACPSBEWWACPR09.ACDMZPRD.local,"[['10.26.19.65'], ['10.26.19.69'], ['172.26.17.73'], ['172.26.17.77'], ['172.26.17.81'], ['172.26.17.85'], ['172.26.17.89'], ['172.26.17.91'], ['10.26.15.56'], ['193.109.72.125'], ['193.109.73.43'], ['193.109.72.126'], ['193.109.73.122'], ['193.109.73.41'], ['10.26.19.65', '10.26.19.69'], ['172.26.17.73', '172.26.17.77', '172.26.17.81', '172.26.17.85', '172.26.17.89', '172.26.17.91'], ['172.26.17.91'], ['172.26.17.89'], ['172.26.17.85'], ['172.26.17.81'], ['172.26.17.77'], ['172.26.17.73'], ['172.26.17.91'], ['172.26.17.89'], ['172.26.17.85'], ['172.26.17.81'], ['172.26.17.77'], ['172.26.17.73'], ['10.26.19.69'], ['10.26.19.65'], ['10.26.19.69'], ['10.26.19.65']]"
ACPSBEWWACST05,ACPSBEWWACST05.acdmzstg.local,"[['10.26.22.37'], ['172.26.18.70'], ['172.26.18.74'], ['172.26.18.78'], ['172.26.18.82'], ['172.26.18.86'], ['172.26.18.88'], ['10.26.15.55'], ['193.109.73.190'], ['193.109.73.191'], ['193.109.73.188'], ['193.109.73.189'], ['10.26.22.17', '10.26.22.37'], ['172.26.18.70', '172.26.18.74', '172.26.18.78', '172.26.18.82', '172.26.18.86', '172.26.18.88'], ['172.26.18.88'], ['172.26.18.86'], ['172.26.18.82'], ['172.26.18.78'], ['172.26.18.74'], ['172.26.18.70'], ['10.26.22.37'], ['10.26.22.17'], ['172.26.18.88'], ['172.26.18.86'], ['172.26.18.82'], ['172.26.18.78'], ['172.26.18.74'], ['172.26.18.70'], ['10.26.22.37'], ['10.26.22.17']]"
ACPSBEWWACST06,ACPSBEWWACST06.acdmzstg.local,"[['10.26.22.19'], ['10.26.22.38'], ['172.26.18.71'], ['172.26.18.75'], ['172.26.18.79'], ['172.26.18.83'], ['172.26.18.87'], ['172.26.18.89'], ['10.26.15.55'], ['193.109.73.190'], ['193.109.73.191'], ['193.109.73.188'], ['193.109.73.189'], ['10.26.22.19', '10.26.22.38'], ['172.26.18.71', '172.26.18.75', '172.26.18.79', '172.26.18.83', '172.26.18.87', '172.26.18.89'], ['10.26.22.38'], ['10.26.22.19'], ['172.26.18.89'], ['172.26.18.87'], ['172.26.18.83'], ['172.26.18.79'], ['172.26.18.75'], ['172.26.18.71'], ['100.26.22.38'], ['10.26.22.19'], ['172.26.18.89'], ['172.26.18.87'], ['172.26.18.83'], ['172.26.18.79'], ['172.26.18.75'], ['172.26.18.71']]"
ACPSBEWWACST07,ACPSBEWWACST07.acdmzstg.local,"[['10.26.22.21'], ['10.26.22.24'], ['172.26.18.72'], ['172.26.18.76'], ['172.26.18.80'], ['172.26.18.84'], ['193.109.73.25'], ['193.109.73.123'], ['193.109.73.71'], ['193.109.73.24'], ['10.26.22.21', '10.26.22.24'], ['172.26.18.72', '172.26.18.76', '172.26.18.80', '172.26.18.84', '172.26.18.98'], ['172.26.18.98'], ['172.26.18.84'], ['172.26.18.80'], ['172.26.18.76'], ['172.26.18.72'], ['10.26.22.24'], ['10.26.22.21'], ['172.26.18.98'], ['172.26.18.84'], ['172.26.18.80'], ['172.26.18.76'], ['172.26.18.72'], ['10.26.22.24'], ['10.26.22.21']]"
ACPSBEWWACST08,ACPSBEWWACST08.acdmzstg.local,"[['10.26.22.25'], ['10.26.22.28'], ['172.26.18.73'], ['172.26.18.77'], ['172.26.18.81'], ['172.26.18.85'], ['193.109.73.25'], ['193.109.73.123'], ['193.109.73.71'], ['193.109.73.24'], ['10.26.22.25', '10.26.22.28'], ['172.26.18.73', '172.26.18.77', '172.26.18.81', '172.26.18.85'], ['172.26.18.85'], ['172.26.18.81'], ['172.26.18.77'], ['172.26.18.73'], ['10.26.22.28'], ['10.26.22.25'], ['10.26.22.28'], ['10.26.22.25'], ['10.26.22.28'], ['10.26.22.25'], ['172.26.18.85'], ['172.26.18.81'], ['172.26.18.77'], ['172.26.18.73']]"
ACPSSEAS02,ACPSSEAS02.emea.group.atlascopco.com,"[['10.40.0.45'], ['10.40.0.45'], ['10.40.0.45']]"
ACTSBEDB4001,ACTSBEDB4001.emea.group.atlascopco.com,"[['10.199.17.197'], ['192.168.145.197'], ['10.26.17.105'], ['10.199.17.197'], ['192.168.145.197'], ['10.26.17.105'], ['192.168.145.197'], ['10.199.17.197'], ['10.26.17.105']]"
ACTSBEDB4002,ACTSBEDB4002.emea.group.atlascopco.com,"[['192.168.145.198'], ['10.26.14.126'], ['10.199.17.198'], ['192.168.145.198'], ['10.26.14.126'], ['10.199.17.198'], ['192.168.145.198'], ['10.26.14.126']]"
ACTSBESQL0001,ACTSBESQL0001.emea.group.atlascopco.com,"[['10.199.16.246'], ['192.168.144.246'], ['10.26.17.211'], ['10.199.16.246', '169.254.143.158'], ['169.254.189.51', '192.168.144.246'], ['10.26.17.211'], [], [], ['10.26.17.211']]"
AIASNLAP0001,AIASNLAP0001.atlascopco.group,"[['10.76.113.41'], ['10.76.113.41'], ['fe80::2102:7553:7337:2f33%5']]"
AIRDBEJS4007,AIRDBEJS4007.emea.group.atlascopco.com,"[['10.26.8.172'], ['10.26.8.172'], ['10.26.8.172']]"
AIRDBEJS4008,AIRDBEJS4008.emea.group.atlascopco.com,"[['10.26.8.173'], ['10.26.8.173'], ['10.26.8.173']]"
AIRDBEJS4009,AIRDBEJS4009.emea.group.atlascopco.com,"[['10.26.8.174'], ['10.26.8.174'], ['10.26.8.174']]"
AIRDBEJS4010,AIRDBEJS4010.emea.group.atlascopco.com,"[['10.26.8.175'], ['10.26.8.175'], ['10.26.8.175']]"
AIRDBEJS4011,AIRDBEJS4011.emea.group.atlascopco.com,"[['10.26.8.176'], ['10.26.8.176'], ['10.26.8.176']]"
AIRDBEOF9009,AIRDBEOF9009.emea.group.atlascopco.com,"[['10.199.18.72'], ['192.168.145.72'], ['10.26.14.130'], ['10.199.18.72'], ['192.168.145.72'], ['10.26.14.130'], ['10.26.14.130'], ['10.199.18.72'], ['192.168.145.72']]"
AIRDBEOF9011,AIRDBEOF9011.emea.group.atlascopco.com,"[['10.199.18.83'], ['10.26.17.14'], ['192.168.18.83'], ['10.26.17.14'], ['10.26.17.14']]"
AIRDBEWS4003,AIRDBEWS4003.emea.group.atlascopco.com,"[['10.199.18.215'], ['10.126.165.13'], ['192.168.18.215'], ['169.254.227.43'], ['169.254.67.176'], ['fe80::d09e:3e67:5eb1:43b0'], ['192.168.18.215'], [], [], ['10.199.18.215'], ['10.126.165.13']]"
AIRDBEWS4004,AIRDBEWS4004.emea.group.atlascopco.com,"[['192.168.146.217'], ['10.26.8.130'], ['10.199.18.217'], ['169.254.37.131'], [], ['10.26.8.130'], ['fe80::a50c:85e6:49c4:fe6a'], ['10.199.18.217'], [], ['169.254.29.38'], ['fe80::cd4e:c006:4057:1d26'], ['192.168.146.217']]"
AIRSBEAP0036,AIRSBEAP0036.atlascopco.group,"[['10.126.161.31'], ['10.26.20.62', '10.26.20.61', '10.26.20.64'], ['10.199.18.75'], ['192.168.146.175'], ['10.126.173.102'], ['10.26.20.64'], ['10.26.20.61'], ['10.26.20.62'], ['10.126.173.102'], ['10.199.18.75'], ['192.168.146.175']]"
AIRSBEAP0037,AIRSBEAP0037.atlascopco.group,"[['10.126.161.32'], ['10.26.20.63'], ['10.199.18.137'], ['192.168.18.137'], ['10.126.173.103'], ['10.26.20.63'], ['10.126.173.103'], ['10.199.18.137'], ['192.168.18.137']]"
AIRSBEAP0051,AIRSBEAP0051.emea.group.atlascopco.com,"[['10.126.160.52'], ['192.168.144.225'], ['10.126.160.52'], [], ['192.168.144.225']]"
AIRSBEAP0070,AIRSBEAP0070.atlascopco.group,"[['10.126.146.98'], ['fe80::40c6:920b:5d53:16c7', '10.126.146.98'], ['10.126.146.98'], ['fe80::40c6:920b:5d53:16c7%7']]"
AIRSBEAP0071,AIRSBEAP0071.atlascopco.group,"[['10.126.146.97'], ['fe80::f425:3302:1ff9:dca0', '10.126.146.97'], ['10.126.146.97'], ['fe80::f425:3302:1ff9:dca0%14']]"
AIRSBEAP0183,AIRSBEAP0183.emea.group.atlascopco.com,"[['10.25.56.183'], ['10.253.0.175'], ['10.25.56.183'], ['10.253.0.175'], [], []]"
AIRSBEAP0187,AIRSBEAP0187.emea.group.atlascopco.com,"[['10.126.144.212'], ['10.253.0.116'], ['fe80::4daa:5490:7409:62d7', '10.126.144.212'], ['fe80::9d9a:77e1:d545:8935', '10.253.0.116'], ['10.126.144.212'], ['fe80::4daa:5490:7409:62d7'], ['10.253.0.116'], ['fe80::9d9a:77e1:d545:8935']]"
AIRSBEAP0188,AIRSBEAP0188.emea.group.atlascopco.com,"[['10.126.144.29'], ['10.253.0.180'], ['fe80::188c:c3b9:7cfd:f415', '10.126.144.29'], ['fe80::70a7:f53d:808c:81a3', '10.253.0.180'], ['10.253.0.180'], ['fe80::70a7:f53d:808c:81a3'], ['10.126.144.29'], ['fe80::188c:c3b9:7cfd:f415']]"
AIRSBEAP0300,AIRSBEAP0300.emea.group.atlascopco.com,"[['10.126.144.43'], ['10.253.0.58'], ['fe80::71c6:b7c2:31e1:2102', '10.126.144.43'], ['fe80::f4ee:d7f6:733f:cb6e', '10.253.0.58'], ['10.253.0.58'], ['fe80::f4ee:d7f6:733f:cb6e'], ['10.126.144.43'], ['fe80::71c6:b7c2:31e1:2102']]"
AIRSBEAP0390,AIRSBEAP0390.emea.group.atlascopco.com,"[['10.126.144.51'], ['10.253.0.239'], ['fe80::6949:6f47:775:634b', '10.126.144.51'], ['fe80::1944:570b:182e:585a', '10.253.0.239'], ['10.126.144.51'], ['fe80::6949:6f47:775:634b'], ['10.253.0.239'], ['fe80::1944:570b:182e:585a']]"
AIRSBEAP0391,AIRSBEAP0391.emea.group.atlascopco.com,"[['10.253.0.94'], ['10.126.144.52'], ['fe80::f186:6308:2a0d:af22', '10.126.144.52'], ['10.126.144.52'], ['fe80::f186:6308:2a0d:af22']]"
AIRSBEAP0401,AIRSBEAP0401.emea.group.atlascopco.com,"[['10.253.0.237'], ['10.126.144.142'], ['fe80::59ff:fe55:62b5:7573', '10.253.0.237'], ['fe80::2117:d784:6c11:43f5', '10.126.144.142'], ['10.126.144.142'], ['fe80::2117:d784:6c11:43f5'], ['10.253.0.237'], ['fe80::59ff:fe55:62b5:7573']]"
AIRSBEAP0412,AIRSBEAP0412.emea.group.atlascopco.com,"[['10.253.0.195'], ['10.126.144.128'], ['fe80::748e:8084:8967:c464', '10.253.0.195', '169.254.196.100'], ['fe80::fcfa:3754:1f41:5ce', '10.126.144.128'], ['10.253.0.195'], ['fe80::748e:8084:8967:c464'], ['10.126.144.128'], ['fe80::fcfa:3754:1f41:5ce']]"
AIRSBEAP0413,AIRSBEAP0413.emea.group.atlascopco.com,"[['10.253.0.167'], ['10.126.144.150'], ['fe80::d151:80fb:1e52:cd7e', '10.253.0.167'], ['fe80::a11b:4fa8:1f46:7a10', '10.126.144.150'], ['10.126.144.150'], ['fe80::a11b:4fa8:1f46:7a10'], ['10.253.0.167'], ['fe80::d151:80fb:1e52:cd7e']]"
AIRSBEAP0470,AIRSBEAP0470.emea.group.atlascopco.com,"[['10.253.0.191'], ['10.126.144.207'], ['10.253.0.191'], ['10.126.144.207'], ['10.126.144.207'], ['10.253.0.191']]"
AIRSBEAP0499,AIRSBEAP0499.emea.group.atlascopco.com,"[['10.126.144.195'], ['10.253.0.232'], ['10.126.144.195'], ['10.253.0.232'], ['10.126.144.195'], ['10.253.0.232']]"
AIRSBEAP0507,AIRSBEAP0507.emea.group.atlascopco.com,"[['10.126.144.163'], ['10.126.144.163'], ['10.126.144.163']]"
AIRSBEAP0509,AIRSBEAP0509.emea.group.atlascopco.com,"[['10.253.0.246'], ['10.126.144.54'], ['fe80::70ce:bb0a:3ba8:211d', '10.253.0.246'], ['fe80::f4be:62f8:d80e:9cd1', '10.126.144.54'], ['10.126.144.54'], ['fe80::f4be:62f8:d80e:9cd1'], ['10.253.0.246'], ['fe80::70ce:bb0a:3ba8:211d']]"
AIRSBEAP0530,AIRSBEAP0530.emea.group.atlascopco.com,"[['10.126.144.63'], ['10.253.0.194'], ['fe80::b8ac:cca7:d836:261', '10.126.144.63'], ['fe80::486f:426:3bff:3cb9', '10.253.0.194'], ['10.126.144.63'], ['fe80::b8ac:cca7:d836:261'], ['10.253.0.194'], ['fe80::486f:426:3bff:3cb9']]"
AIRSBEAP0536,AIRSBEAP0536.emea.group.atlascopco.com,"[['10.253.0.187'], ['10.126.144.169'], ['10.76.96.124']]"
AIRSBEAP0537,AIRSBEAP0537.emea.group.atlascopco.com,"[['10.253.0.186'], ['10.126.144.170'], ['10.76.96.141']]"
AIRSBEAP0544,AIRSBEAP0544.emea.group.atlascopco.com,"[['10.253.0.214'], ['10.126.144.130'], ['fe80::b07b:453f:dea5:3fda', '10.253.0.214'], ['fe80::93e:2cb2:c761:ba59', '10.126.144.130'], ['10.126.144.130'], ['fe80::93e:2cb2:c761:ba59'], ['10.253.0.214'], ['fe80::b07b:453f:dea5:3fda']]"
AIRSBEAP0546,AIRSBEAP0546.emea.group.atlascopco.com,"[['10.126.149.14'], ['10.126.149.14'], ['10.126.149.14']]"
AIRSBEAP0572,AIRSBEAP0572.emea.group.atlascopco.com,"[['10.253.0.49'], ['10.126.144.101'], ['fe80::44c5:159f:75a1:f131', '10.253.0.49'], ['fe80::b128:1172:ff9a:6fa5', '10.126.144.101'], ['10.253.0.49'], ['fe80::44c5:159f:75a1:f131'], ['10.126.144.101'], ['fe80::b128:1172:ff9a:6fa5']]"
AIRSBEAP0576,AIRSBEAP0576.emea.group.atlascopco.com,"[['10.126.144.161'], ['fe80::192f:6379:9b0e:5ef4', '10.126.144.161'], ['10.126.144.161'], ['fe80::192f:6379:9b0e:5ef4%4']]"
AIRSBEAP0593,AIRSBEAP0593.emea.group.atlascopco.com,"[['10.126.144.245'], ['AIRQLIK'], ['fe80::b0:f096:180a:1b32', '10.126.144.245'], ['10.126.144.245'], ['fe80::b0:f096:180a:1b32']]"
AIRSBEAP0594,AIRSBEAP0594.emea.group.atlascopco.com,"[['10.126.144.70'], ['fe80::ec99:1139:3634:dfca', '10.126.144.70'], ['10.126.144.70'], ['fe80::ec99:1139:3634:dfca']]"
AIRSBEAP0597,AIRSBEAP0597.emea.group.atlascopco.com,"[['10.126.144.71'], ['10.253.0.220'], ['fe80::968:c918:5e25:c4d3', '10.126.144.71'], ['fe80::f51a:cecf:d5f3:e41d', '10.253.0.220'], ['10.126.144.71'], ['fe80::968:c918:5e25:c4d3'], ['10.253.0.220'], ['fe80::f51a:cecf:d5f3:e41d']]"
AIRSBEAP0598,AIRSBEAP0598.emea.group.atlascopco.com,"[['10.126.144.193'], ['10.253.0.181'], ['fe80::d02c:ec81:beb9:ffb8', '10.126.144.193'], ['fe80::284b:be47:285:c5aa', '10.253.0.181'], ['10.253.0.181'], ['fe80::284b:be47:285:c5aa'], ['10.126.144.193'], ['fe80::d02c:ec81:beb9:ffb8']]"
AIRSBEAP0601,AIRSBEAP0601.emea.group.atlascopco.com,"[['10.253.0.217'], ['10.126.144.250'], ['fe80::b93f:89bb:2b0a:9b4f', '10.253.0.217'], ['fe80::558:bf26:af41:a957', '10.126.144.250'], ['10.253.0.217'], ['fe80::b93f:89bb:2b0a:9b4f'], ['10.126.144.250'], ['fe80::558:bf26:af41:a957']]"
AIRSBEAP0606,AIRSBEAP0606.emea.group.atlascopco.com,"[['10.253.0.141'], ['10.126.144.148'], ['fe80::e4e7:e4fe:b678:e1ee', '10.253.0.141', '169.254.225.238'], ['fe80::e428:543:73e2:1bd', '10.126.144.148'], ['10.126.144.148'], ['fe80::e428:543:73e2:1bd'], []]"
AIRSBEAP0614,AIRSBEAP0614.emea.group.atlascopco.com,"[['10.253.0.196'], ['10.126.144.149'], ['fe80::a939:2eb6:7c06:76a', '10.253.0.196'], ['fe80::a5f4:2e06:6fcf:82ae', '10.126.144.149'], ['10.126.144.149'], ['fe80::a5f4:2e06:6fcf:82ae'], ['10.253.0.196'], ['fe80::a939:2eb6:7c06:76a']]"
AIRSBEAP0617,AIRSBEAP0617.emea.group.atlascopco.com,"[['169.254.83.92'], ['10.126.144.73'], ['fe80::ac1e:c3b8:d371:535c', '169.254.83.92'], ['fe80::3477:1d40:2313:4277', '10.126.144.73'], ['10.126.144.73'], ['fe80::3477:1d40:2313:4277'], ['169.254.83.92'], ['fe80::ac1e:c3b8:d371:535c']]"
AIRSBEAP0627,AIRSBEAP0627.emea.group.atlascopco.com,"[['169.254.83.57'], ['10.253.0.164'], ['10.126.144.224'], [], ['fe80::d97e:3a2e:cbe0:4483', '10.126.144.224'], ['10.126.144.224'], ['fe80::d97e:3a2e:cbe0:4483']]"
AIRSBEAP0628,AIRSBEAP0628.emea.group.atlascopco.com,"[['10.253.0.212'], ['10.126.144.253'], ['fe80::85fc:93e:8a02:e1a9', '10.253.0.212'], ['fe80::5048:bf9c:9e46:c6cf', '10.126.144.253'], ['10.253.0.212'], ['fe80::85fc:93e:8a02:e1a9'], ['10.126.144.253'], ['fe80::5048:bf9c:9e46:c6cf']]"
AIRSBEAP0638,AIRSBEAP0638.emea.group.atlascopco.com,"[['169.254.77.46'], ['10.126.144.132'], ['fe80::f9f2:58a1:b29:bbe5', '10.126.144.132'], ['fe80::d044:c972:fe03:4d2e', '169.254.77.46'], ['169.254.77.46'], ['fe80::d044:c972:fe03:4d2e'], ['10.126.144.132'], ['fe80::f9f2:58a1:b29:bbe5']]"
AIRSBEAP0639,AIRSBEAP0639.emea.group.atlascopco.com,"[['10.253.0.248'], ['10.126.160.26'], ['192.168.146.207'], ['fe80::d880:3625:35ee:4c63', '10.253.0.248'], ['fe80::acc8:dd38:ebf5:761b', '10.126.160.26'], ['192.168.146.207'], ['10.126.160.26'], ['fe80::acc8:dd38:ebf5:761b'], ['192.168.146.207'], ['10.253.0.248'], ['fe80::d880:3625:35ee:4c63']]"
AIRSBEAP0656,AIRSBEAP0656.emea.group.atlascopco.com,"[['10.126.144.119'], ['10.253.0.221'], ['fe80::5cff:6933:fefc:e7a3', '10.126.144.119'], ['fe80::3860:5af:92dc:2c52', '10.253.0.221'], ['10.253.0.221'], ['fe80::3860:5af:92dc:2c52'], ['10.126.144.119'], ['fe80::5cff:6933:fefc:e7a3']]"
AIRSBEAP0658,AIRSBEAP0658.emea.group.atlascopco.com,"[['10.253.0.132'], ['10.126.144.127'], ['fe80::46a:d81f:b45c:cc79', '10.253.0.132'], ['fe80::5068:74fb:d374:7d17', '10.126.144.127'], ['10.126.144.127'], ['fe80::5068:74fb:d374:7d17'], ['10.253.0.132'], ['fe80::46a:d81f:b45c:cc79']]"
AIRSBEAP0659,AIRSBEAP0659.emea.group.atlascopco.com,"[['10.126.144.102'], ['10.253.0.241'], ['fe80::5918:7016:b194:ea60', '10.126.144.102'], ['fe80::8999:55ce:c789:aa6', '10.253.0.241'], ['10.126.144.102'], ['fe80::5918:7016:b194:ea60'], ['10.253.0.241'], ['fe80::8999:55ce:c789:aa6']]"
AIRSBEAP0701,AIRSBEAP0701.atlascopco.group,"[['10.126.146.151'], ['fe80::6db2:dec1:8bc1:2912', '10.126.146.151'], ['10.126.146.151'], ['fe80::6db2:dec1:8bc1:2912%6']]"
AIRSBEAP0728,AIRSBEAP0728.emea.group.atlascopco.com,"[['10.126.145.146'], ['fe80::b9cc:b2b6:fe5b:d54c', '10.126.145.146'], ['10.126.145.146'], ['fe80::b9cc:b2b6:fe5b:d54c']]"
AIRSBEAP4003,AIRSBEAP4003.emea.group.atlascopco.com,"[['10.26.17.203'], ['10.26.17.203'], ['10.26.17.203']]"
AIRSBEAP4004,AIRSBEAP4004.emea.group.atlascopco.com,"[['10.26.17.234'], ['10.26.17.234'], ['10.26.17.234'], ['10.26.17.234']]"
AIRSBEAP4006,AIRSBEAP4006.emea.group.atlascopco.com,"[['10.26.17.198'], ['10.26.17.198'], ['10.26.17.198']]"
AIRSBEAP4020,AIRSBEAP4020.emea.group.atlascopco.com,"[['192.168.145.107'], ['172.21.129.37'], ['192168145107'], ['10.26.17.220'], ['fe80::18af:f736:eea3:2a1'], ['192.168.145.107'], ['172.21.129.37']]"
AIRSBEAP4021,AIRSBEAP4021.emea.group.atlascopco.com,"[['10.199.17.64'], ['192.168.17.64'], ['169.254.0.2'], ['10.26.8.177'], ['10.26.8.177'], ['10.199.17.64'], ['fe80::d974:fcbf:ff92:2af8'], [], ['192.168.17.64'], ['169.254.0.2'], ['fe80::657c:835d:5cad:9c50'], ['10.26.8.177'], []]"
AIRSBEAP4024,AIRSBEAP4024.emea.group.atlascopco.com,"[['10.26.20.50'], ['10.26.20.50'], ['10.26.20.50']]"
AIRSBEAP4025,AIRSBEAP4025.emea.group.atlascopco.com,"[['10.26.20.51'], ['10.26.20.51'], ['10.26.20.51']]"
AIRSBEAP4026,AIRSBEAP4026.emea.group.atlascopco.com,"[['10.26.14.58'], ['10.26.14.58'], ['10.26.14.58']]"
AIRSBEAP4027,AIRSBEAP4027.emea.group.atlascopco.com,"[['10.26.14.59'], ['10.26.14.59'], ['10.26.14.59']]"
AIRSBEAP4028,AIRSBEAP4028.emea.group.atlascopco.com,"[['10.126.147.21'], ['10.126.147.21'], ['10.126.147.21']]"
AIRSBEAP4053,AIRSBEAP4053.emea.group.atlascopco.com,"[['10.26.14.46'], ['10.26.14.46'], ['10.26.14.46']]"
AIRSBEAP4063,AIRSBEAP4063.emea.group.atlascopco.com,"[['10.26.14.57'], ['10.26.14.57'], ['10.26.14.57']]"
AIRSBEAP4070,AIRSBEAP4070.emea.group.atlascopco.com,"[['10.199.16.250'], ['192.168.146.148'], ['10.26.14.54'], ['10.199.16.250'], ['192.168.146.148'], ['10.26.14.54'], ['192.168.146.148'], ['10.199.16.250'], ['10.26.14.54']]"
AIRSBEAP4079,AIRSBEAP4079.emea.group.atlascopco.com,"[['10.26.14.81'], ['10.26.14.81'], ['10.26.14.81']]"
AIRSBEAP4090,AIRSBEAP4090.emea.group.atlascopco.com,"[['10.26.14.155'], ['10.26.14.155'], ['10.26.14.155']]"
AIRSBEAP4091,AIRSBEAP4091.emea.group.atlascopco.com,"[['10.26.14.153'], ['10.26.14.153'], ['10.26.14.153']]"
AIRSBEAP4092,AIRSBEAP4092.emea.group.atlascopco.com,"[['10.199.18.46'], ['192.168.146.46'], ['10.26.20.132'], ['fe80::cd10:1d01:7495:8ab6', '10.199.18.46'], ['fe80::41ed:390d:c86c:a192', '192.168.146.46'], ['fe80::28e7:1c6:b761:452b', '10.26.20.132'], ['10.26.20.132'], ['fe80::28e7:1c6:b761:452b'], ['10.199.18.46'], ['fe80::cd10:1d01:7495:8ab6'], ['192.168.146.46'], ['fe80::41ed:390d:c86c:a192']]"
AIRSBEAP4093,AIRSBEAP4093.emea.group.atlascopco.com,"[['10.26.20.133'], ['fe80::20f3:bb74:35d:a6bc', '10.26.20.133'], ['10.26.20.133'], ['fe80::20f3:bb74:35d:a6bc']]"
AIRSBEAP4097,AIRSBEAP4097.emea.group.atlascopco.com,"[['10.199.18.74'], ['192.168.146.74'], ['10.26.14.162'], ['fe80::7146:8cd7:fb41:447a', '10.199.18.74'], ['fe80::a484:5bd3:19fa:9dc', '192.168.146.74'], ['fe80::3897:ae3b:d390:71d3', '10.26.14.162'], ['10.199.18.74'], ['fe80::7146:8cd7:fb41:447a'], ['10.26.14.162'], ['fe80::3897:ae3b:d390:71d3'], ['192.168.146.74'], ['fe80::a484:5bd3:19fa:9dc']]"
AIRSBEAP4098,AIRSBEAP4098.emea.group.atlascopco.com,"[['10.199.18.64'], ['10.26.14.163'], ['192.168.146.64'], ['10.199.18.64'], ['fe80::8528:317b:7df2:c9e0', '10.26.14.163'], ['192.168.146.64'], ['10.199.18.64'], ['10.26.14.163'], ['fe80::8528:317b:7df2:c9e0'], ['192.168.146.64']]"
AIRSBEAP4100,AIRSBEAP4100.emea.group.atlascopco.com,"[['10.199.18.84'], ['10.26.17.79'], ['192.168.146.84'], ['10.199.18.84'], ['10.26.17.79'], ['192.168.146.84'], ['192.168.146.84'], ['10.26.17.79'], ['10.199.18.84']]"
AIRSBEAP4101,AIRSBEAP4101.emea.group.atlascopco.com,"[['10.26.17.15'], ['10.199.18.85'], ['192.168.18.85'], ['10.26.17.15'], ['10.26.17.15']]"
AIRSBEAP4103,AIRSBEAP4103.emea.group.atlascopco.com,"[['192.168.146.66'], ['10.199.18.66'], ['10.26.8.184'], ['10.26.14.179', '(PROD', '556)'], ['10.199.18.66', '(admin)'], ['192.168.146.66', '(backup)'], [], [], ['192.168.146.66'], ['fe80::3d77:b648:4d7b:d789'], ['10.199.18.66'], ['10.26.8.184'], ['fe80::59e3:7314:9cd4:3b34']]"
AIRSBEAP4104,AIRSBEAP4104.emea.group.atlascopco.com,"[['10.132.20.32'], ['10.132.16.101'], ['10.253.0.180'], [], ['10.253.0.180'], ['10.132.20.32'], ['fe80::e98f:ad39:afdf:1fc8'], [], []]"
AIRSBEAP4105,AIRSBEAP4105.emea.group.atlascopco.com,"[['10.199.18.68'], ['192.168.18.68'], ['10.26.8.186'], ['10.26.14.181', '(PROD', '556)'], ['10.199.18.68', '(Admin)'], ['192.168.18.68', '(BCKP)'], [], ['10.199.18.68'], ['192.168.18.68'], ['fe80::b3:9ddb:9840:76e8'], [], ['10.26.8.186'], ['fe80::286f:5754:9741:3fcd']]"
AIRSBEAP4106,AIRSBEAP4106.emea.group.atlascopco.com,"[['10.26.20.170'], ['192.168.146.92'], ['10.25.54.132'], ['10.253.0.150'], ['10.26.20.170'], ['192.168.146.92'], ['10.25.54.132'], ['fe80::e94f:d2aa:fc60:7d3%3'], ['10.253.0.150']]"
AIRSBEAP4125,AIRSBEAP4125.emea.group.atlascopco.com,"[['10.199.18.121'], ['10.26.14.184'], ['192.168.146.121'], ['10.199.18.121'], ['10.26.14.184'], ['192.168.146.121'], ['10.199.18.121'], ['10.26.14.184'], ['192.168.146.121']]"
AIRSBEAP4126,AIRSBEAP4126.emea.group.atlascopco.com,"[['192.168.144.72'], ['10.26.14.188'], ['10.199.16.181'], ['192.168.144.72'], ['10.26.14.188'], ['10.199.16.181'], ['10.26.14.188'], ['10.199.16.181'], ['192.168.144.72']]"
AIRSBEAP4128,AIRSBEAP4128.emea.group.atlascopco.com,"[['10.26.8.162'], ['10.26.8.162'], ['10.26.8.162']]"
AIRSBEAP4129,AIRSBEAP4129.emea.group.atlascopco.com,"[['10.26.8.163'], ['fe80::9032:7da7:f175:448c', '10.26.8.163'], ['10.26.8.163'], ['fe80::9032:7da7:f175:448c']]"
AIRSBEAP4130,AIRSBEAP4130.emea.group.atlascopco.com,"[['10.26.8.164'], ['10.26.8.164'], ['10.26.8.164']]"
AIRSBEAP4131,AIRSBEAP4131.emea.group.atlascopco.com,"[['10.26.8.165'], ['10.26.8.165'], ['10.26.8.165']]"
AIRSBEAP4132,AIRSBEAP4132.emea.group.atlascopco.com,"[['10.26.8.166'], ['10.26.8.166'], ['10.26.8.166']]"
AIRSBEAP4133,AIRSBEAP4133.emea.group.atlascopco.com,"[['10.26.8.167'], ['10.26.8.167'], ['10.26.8.167']]"
AIRSBEAP4134,AIRSBEAP4134.emea.group.atlascopco.com,"[['10.26.8.168'], ['10.26.8.168'], ['10.26.8.168']]"
AIRSBEAP4135,AIRSBEAP4135.emea.group.atlascopco.com,"[['169.254.32.133'], ['10.26.8.169'], ['10.199.18.153'], ['192.168.146.153'], ['10.26.8.169'], ['10.199.18.153'], ['192.168.146.153'], ['10.26.8.169'], ['10.199.18.153'], ['192.168.146.153']]"
AIRSBEAP4136,AIRSBEAP4136.emea.group.atlascopco.com,"[['10.26.8.170'], ['10.26.8.170'], ['10.26.8.170']]"
AIRSBEAP4137,AIRSBEAP4137.emea.group.atlascopco.com,"[['10.199.18.135'], ['10.26.8.171'], ['192.168.146.135'], ['10.199.18.135'], ['10.26.8.171'], ['192.168.146.135'], ['10.199.18.135'], ['192.168.146.135'], ['10.26.8.171']]"
AIRSBEAP4138,AIRSBEAP4138.emea.group.atlascopco.com,"[['10.26.17.110'], ['10.26.17.110'], ['10.26.17.110']]"
AIRSBEAP4139,AIRSBEAP4139.emea.group.atlascopco.com,"[['10.26.17.111'], ['10.26.17.111'], ['10.26.17.111']]"
AIRSBEAP4140,AIRSBEAP4140.emea.group.atlascopco.com,"[['10.26.17.141'], ['10.26.17.141'], ['10.26.17.141']]"
AIRSBEAP4144,AIRSBEAP4144.emea.group.atlascopco.com,"[['10.26.20.165'], ['10.26.20.165'], ['10.26.20.165']]"
AIRSBEAP4153,AIRSBEAP4153.emea.group.atlascopco.com,"[['10.126.145.73'], ['fe80::9c1d:4e4e:e7d9:7f0a', '10.126.145.73'], ['10.126.145.73'], ['fe80::9c1d:4e4e:e7d9:7f0a%2']]"
AIRSBEAP4155,AIRSBEAP4155.emea.group.atlascopco.com,"[['10.126.147.13'], ['10.126.147.13'], ['10.126.147.13']]"
AIRSBEAP4156,AIRSBEAP4156.emea.group.atlascopco.com,"[['10.126.145.45'], ['fe80::782a:7e00:4323:c40c', '10.126.145.45'], ['10.126.145.45'], ['fe80::782a:7e00:4323:c40c%5']]"
AIRSBEAP4201,AIRSBEAP4201.emea.group.atlascopco.com,"[['10.126.144.234'], ['10.126.144.234'], ['10.126.144.234']]"
AIRSBEAP4203,AIRSBEAP4203.emea.group.atlascopco.com,"[['10.126.147.17'], ['10.126.147.17'], ['10.126.147.17']]"
AIRSBEAP4237,AIRSBEAP4237.atlascopco.group,"[['10.126.145.185'], ['fe80::1aa:d52:d29:1300', '172.21.227.72'], ['10.126.145.185'], ['172.21.227.72'], ['fe80::1aa:d52:d29:1300%4'], ['10.126.145.185']]"
AIRSBEAP4328,AIRSBEAP4328.atlascopco.group,"[['10.126.146.100'], ['fe80::41a0:ea5:df30:3e4', '10.126.146.100'], ['10.126.146.100'], ['fe80::41a0:ea5:df30:3e4%4']]"
AIRSBEAPKMS1,AIRSBEAPKMS1.emea.group.atlascopco.com,"[['10.126.145.57'], ['10.126.145.57'], ['10.126.145.57']]"
AIRSBEAPKMS2,AIRSBEAPKMS2.emea.group.atlascopco.com,"[['10.126.145.58'], ['10.126.145.58'], ['10.126.145.58']]"
AIRSBEAPMCF0001,AIRSBEAPMCF0001.emea.group.atlascopco.com,"[['192.168.147.20'], ['10.199.16.145'], ['10.126.170.31'], ['10.199.16.145'], ['fe80::2810:1596:6707:59a5', '10.126.170.31'], ['192.168.147.20'], ['192.168.147.20'], ['10.126.170.31'], ['fe80::2810:1596:6707:59a5%5'], ['10.199.16.145']]"
AIRSBEAPMCF0002,AIRSBEAPMCF0002.emea.group.atlascopco.com,"[['10.199.16.146'], ['192.168.147.21'], ['10.126.170.32'], ['10.199.16.146'], ['fe80::fda3:8a37:f529:57f', '10.126.170.32'], ['192.168.147.21'], ['10.199.16.146'], ['10.126.170.32'], ['fe80::fda3:8a37:f529:57f%2'], ['192.168.147.21']]"
AIRSBEAPMCF0003,AIRSBEAPMCF0003.emea.group.atlascopco.com,"[['10.199.16.147'], ['192.168.147.22'], ['10.126.170.33'], ['10.199.16.147'], ['fe80::1d0a:bca5:5787:5e7', '10.126.170.33'], ['192.168.147.22'], ['10.126.170.33'], ['fe80::1d0a:bca5:5787:5e7%3'], ['10.199.16.147'], ['192.168.147.22']]"
AIRSBEAPMCF0004,AIRSBEAPMCF0004.emea.group.atlascopco.com,"[['10.199.16.148'], ['192.168.147.23'], ['10.126.170.34'], ['10.199.16.148'], ['fe80::2d13:361f:8bcc:5b22', '10.126.170.34'], ['192.168.147.23'], ['10.126.170.34'], ['fe80::2d13:361f:8bcc:5b22%3'], ['10.199.16.148'], ['192.168.147.23']]"
AIRSBEAPMCF0005,AIRSBEAPMCF0005.emea.group.atlascopco.com,"[['192.168.147.24'], ['10.199.16.149'], ['10.126.170.35'], ['10.199.16.149'], ['fe80::e01b:ed03:457d:f02a', '10.126.170.35'], ['192.168.147.24'], ['10.126.170.35'], ['fe80::e01b:ed03:457d:f02a%9'], ['192.168.147.24'], ['10.199.16.149']]"
AIRSBEAPMCF0006,AIRSBEAPMCF0006.emea.group.atlascopco.com,"[['10.199.16.150'], ['192.168.19.21'], ['10.126.170.36'], ['10.199.16.150'], ['fe80::4c46:e792:d5b5:281f', '10.126.170.36'], ['192.168.19.21'], ['10.126.170.36'], ['fe80::4c46:e792:d5b5:281f%5'], ['192.168.19.21'], ['10.199.16.150']]"
AIRSBEAPMCF0007,AIRSBEAPMCF0007.emea.group.atlascopco.com,"[['192.168.19.22'], ['10.199.16.151'], ['10.126.250.8'], ['10.126.170.37'], ['10.199.16.151'], ['fe80::b401:841a:754:5b4c', '10.126.170.37'], ['192.168.144.27'], ['fe80::582d:931a:a4e1:169c', '10.126.250.8', '169.254.22.156'], ['192.168.144.27'], ['10.199.16.151'], ['10.126.170.37'], ['fe80::b401:841a:754:5b4c%11'], ['10.126.250.8'], ['fe80::582d:931a:a4e1:169c%5']]"
AIRSBEAPMCF0008,AIRSBEAPMCF0008.emea.group.atlascopco.com,"[['192.168.19.23'], ['10.126.250.9'], ['10.199.16.152'], ['10.126.170.38'], ['10.199.16.152'], ['fe80::5801:4cf6:e41a:5621', '10.126.170.38'], ['192.168.19.23'], ['fe80::f417:a8da:c756:7501', '10.126.250.9'], ['10.126.170.38'], ['fe80::5801:4cf6:e41a:5621%9'], ['192.168.19.23'], ['10.126.250.9'], ['fe80::f417:a8da:c756:7501%3'], ['10.199.16.152']]"
AIRSBEAPMCF0009,AIRSBEAPMCF0009.emea.group.atlascopco.com,"[['10.126.250.10'], ['192.168.19.24'], ['10.199.16.153'], ['10.126.170.39'], ['10.199.16.153'], ['fe80::ce4:3f32:674c:6d84', '10.126.170.39'], ['192.168.19.24'], ['fe80::8144:936c:15d8:a55', '10.126.250.10'], ['10.126.250.10'], ['fe80::8144:936c:15d8:a55%5'], ['10.126.170.39'], ['fe80::ce4:3f32:674c:6d84%6'], ['192.168.19.24'], ['10.199.16.153']]"
AIRSBEASCH0044,AIRSBEASCH0044.emea.group.atlascopco.com,"[['10.253.0.200'], ['10.126.144.106'], ['fe80::119b:fb74:d5f2:1ff7', '10.253.0.200'], ['fe80::d01d:a678:d1ee:81c9', '10.126.144.106'], ['10.126.144.106'], ['fe80::d01d:a678:d1ee:81c9'], ['10.253.0.200'], ['fe80::119b:fb74:d5f2:1ff7']]"
AIRSBEASCH0045,AIRSBEASCH0045.emea.group.atlascopco.com,"[['10.253.0.169'], ['10.126.144.141'], ['fe80::d0de:9d59:d8ad:f6b', '10.253.0.169'], ['fe80::a40b:ee2d:dd76:c2c1', '10.126.144.141'], ['10.126.144.141'], ['fe80::a40b:ee2d:dd76:c2c1'], ['10.253.0.169'], ['fe80::d0de:9d59:d8ad:f6b']]"
AIRSBEASP10001,AIRSBEASP10001.AIRDMZ.atlas-copco.com,"[['10.26.19.22'], ['193.109.72.183'], ['10.26.19.22'], ['172.26.17.108'], ['10.26.19.22'], ['172.26.17.108']]"
AIRSBEDB4007,AIRSBEDB4007.emea.group.atlascopco.com,"[['10.199.18.86'], ['10.26.17.80'], ['192.168.146.86'], ['10.199.18.86'], ['fe80::e505:c343:67b4:209d', '10.26.17.80'], ['192.168.146.86'], ['192.168.146.86'], ['10.199.18.86'], ['10.26.17.80'], ['fe80::e505:c343:67b4:209d']]"
AIRSBEDB4008,AIRSBEDB4008.emea.group.atlascopco.com,"[['10.199.18.87'], ['10.26.17.126'], ['192.168.18.87'], ['10.199.18.87'], ['fe80::7c60:ce60:8789:fcf3', '10.26.17.126'], ['192.168.18.87'], ['192.168.18.87'], ['10.199.18.87'], ['10.26.17.126'], ['fe80::7c60:ce60:8789:fcf3']]"
AIRSBEIS0070,AIRSBEIS0070.emea.group.atlascopco.com,"[['10.126.145.20'], ['10.253.0.202'], ['10.126.145.20'], ['fe80::4080:2d05:234b:50c6', '10.253.0.202'], ['10.253.0.202'], ['fe80::4080:2d05:234b:50c6'], ['10.126.145.20']]"
AIRSBEIS0073,AIRSBEIS0073.emea.group.atlascopco.com,"[['10.126.145.200'], ['10.253.0.199'], ['10.126.145.200'], ['10.253.0.199'], ['10.126.145.200'], ['10.253.0.199']]"
AIRSBEIS4003,AIRSBEIS4003.emea.group.atlascopco.com,"[['193.109.73.120'], ['10.26.14.67'], ['10.26.14.67'], ['10.26.14.67']]"
AIRSBEIS4004,AIRSBEIS4004.emea.group.atlascopco.com,"[['10.26.14.66'], ['10.26.14.66'], ['10.26.14.66']]"
AIRSBEISCH0001,AIRSBEISCH0001.emea.group.atlascopco.com,"[['10.25.58.150'], ['10.253.0.137'], ['10.25.58.150'], ['fe80::496c:67a9:df31:d0a2', '10.253.0.137'], ['10.253.0.137'], ['fe80::496c:67a9:df31:d0a2%4'], ['10.25.58.150']]"
AIRSBEWU0001,AIRSBEWU0001.group.atlascopco.com,"[['10.25.52.16'], ['10.25.53.203'], ['10.253.0.139'], ['10.25.52.16', '10.25.53.203'], ['fe80::d94d:1fea:af3a:4ecf', '10.253.0.139'], ['10.25.53.203'], ['10.25.52.16'], ['10.253.0.139'], ['fe80::d94d:1fea:af3a:4ecf%3']]"
AIRSBEWWP10008,AIRSBEWWP10008.ACDMZPRD.local,"[['10.26.19.48'], ['172.26.17.32'], ['193.109.72.30'], ['10.26.19.48'], ['172.26.17.32'], ['10.26.19.48'], ['172.26.17.32']]"
AIRSBEWWP10009,AIRSBEWWP10009.ACDMZPRD.local,"[['193.109.72.37'], ['193.109.73.176'], ['10.26.8.75'], ['10.26.8.76'], ['10.26.8.75', '10.26.8.76'], ['10.26.8.76'], ['10.26.8.75']]"
AIRSBEWWP10011,AIRSBEWWP10011.ACDMZPRD.local,"[['10.26.19.13'], ['172.26.16.137'], ['172.26.16.144'], ['193.109.73.82'], ['10.26.19.13'], ['172.26.16.137', '172.26.16.144'], ['172.26.16.144'], ['172.26.16.137'], ['172.26.16.144'], ['172.26.16.137'], ['10.26.19.13'], ['10.26.19.13']]"
AIRSBEWWP10012,AIRSBEWWP10012.ACDMZPRD.local,"[['10.26.19.17'], ['172.26.16.138'], ['172.26.16.145'], ['193.109.73.101'], ['10.26.19.17'], ['172.26.16.138', '172.26.16.145'], ['172.26.16.145'], ['172.26.16.138'], ['169.254.50.187'], ['fe80::513d:e805:f621:32bb'], ['172.26.16.145'], ['172.26.16.138'], ['10.26.19.17']]"
AIRSBEWWP10021,AIRSBEWWP10021.ACDMZPRD.local,"[['193.109.73.177'], ['10.26.7.12'], ['193.109.72.119'], ['10.26.7.12'], ['10.26.7.12']]"
AIRSBEWWP10022,AIRSBEWWP10022.ACDMZPRD.local,"[['193.109.73.177'], ['172.26.20.57'], ['10.26.7.11'], ['193.109.72.119'], ['10.26.7.11'], ['10.26.7.11']]"
AIRSBEWWP10024,AIRSBEWWP10024.ACDMZPRD.local,"[['10.26.7.17'], ['193.109.72.235'], ['10.26.7.17'], ['10.26.7.17']]"
AIRSBEWWP10031,AIRSBEWWP10031.ACDMZPRD.local,"[['10.26.7.15'], ['193.109.73.135'], ['10.26.7.15'], ['10.26.7.15']]"
AIRSBEWWP10032,AIRSBEWWP10032.ACDMZPRD.local,"[['193.109.73.160'], ['10.26.7.25'], ['fe80::84a2:8cc9:e346:1f7e', '10.26.7.25'], ['10.26.7.25'], ['fe80::84a2:8cc9:e346:1f7e%3']]"
AIRSBEWWP10033,AIRSBEWWP10033.ACDMZPRD.local,"[['10.26.7.37'], ['193.109.72.26'], ['10.26.7.37'], ['10.26.7.37']]"
AIRSBEWWS10032,AIRSBEWWS10032.acdmzstg.local,"[['10.26.6.25'], ['10.26.20.155'], ['193.109.73.159'], ['fe80::f117:cca4:705f:7e8b', '10.26.6.25'], ['10.26.6.25'], ['fe80::f117:cca4:705f:7e8b%2']]"
AIRSNLASCK1000,AIRSNLASCK1000.atlascopco.group,"[['10.126.146.49'], [], ['10.76.96.52'], ['fe80::f5c3:2b37:a838:876%7']]"
AIRSNLASCK1001,AIRSNLASCK1001.atlascopco.group,"[['10.126.146.50'], [], ['10.76.96.55'], ['fe80::4481:fcb6:9b37:3fd%5']]"
AISSBEAP4003,AISSBEAP4003.emea.group.atlascopco.com,"[['10.26.20.124'], ['10.26.20.124'], ['10.26.20.124']]"
AISSBEAP4004,AISSBEAP4004.emea.group.atlascopco.com,"[['192.168.146.89'], ['10.26.20.127'], ['10.199.18.89'], ['192.168.146.89'], ['10.26.20.127'], ['10.199.18.89'], ['10.26.20.127'], ['192.168.146.89'], ['10.199.18.89']]"
AISSBEAP4005,AISSBEAP4005.emea.group.atlascopco.com,"[['10.26.17.74'], ['10.26.17.74'], ['10.26.17.74']]"
AISSBEAP4006,AISSBEAP4006.emea.group.atlascopco.com,"[['10.26.17.75'], ['10.26.17.75'], ['10.26.17.75']]"
AISSBEAP4007,AISSBEAP4007.emea.group.atlascopco.com,"[['10.26.17.76'], ['10.26.17.76'], ['10.26.17.76']]"
AISSBEAP4008,AISSBEAP4008.emea.group.atlascopco.com,"[['10.126.145.71'], ['fe80::81b7:24dc:a871:a2a4', '10.126.145.71'], ['10.126.145.71'], ['fe80::81b7:24dc:a871:a2a4']]"
AISSBEAP4009,AISSBEAP4009.emea.group.atlascopco.com,"[['10.126.145.72'], ['10.126.145.72'], ['10.126.145.72']]"
AISSBEAP4014,AISSBEAP4014.atlascopco.group,"[['10.126.146.71'], ['fe80::e4a6:fd3d:abd7:ab7', '10.126.146.71'], ['10.126.146.71'], ['fe80::e4a6:fd3d:abd7:ab7%13']]"
AISSUSAP0001,AISSUSAP0001.atlascopco.group,"[['fe80::5437:670:97ee:64e3', '10.7.136.224'], ['10.7.136.224'], ['fe80::5437:670:97ee:64e3%4']]"
AISSUSAP0002,AISSUSAP0002.atlascopco.group,"[['fe80::d15a:f728:4c3e:30b8', '10.7.136.225'], ['10.7.136.225'], ['fe80::d15a:f728:4c3e:30b8%4']]"
APESNLAP4325,APESNLAP4325.atlascopco.group,"[['10.76.113.22'], ['10.76.113.22'], ['fe80::741b:aa6c:5c2d:27c2%3']]"
CAZSCAAS0001,CAZSCAAS0001.atlascopco.group,"[['10.76.208.18'], ['10.76.208.18'], ['fe80::411d:396d:66ab:b77e%14']]"
DFHSBEAS4001,DFHSBEAS4001.ACDMZPRD.local,"[['10.26.8.110'], ['193.109.73.192'], ['10.26.8.110']]"
FRJSFRAS01302,FRJSFRAS01302.emea.group.atlascopco.com,"[['10.32.56.38'], ['10.33.32.72']]"
GCISBEAS4001,GCISBEAS4001.emea.group.atlascopco.com,"[['10.26.14.252'], ['fe80::f864:b981:fd5a:beba', '10.26.14.252'], ['10.26.14.252'], ['fe80::f864:b981:fd5a:beba%4']]"
GCISBEAS4002,GCISBEAS4002.emea.group.atlascopco.com,"[['10.26.17.98'], ['10.26.17.98'], ['10.26.17.98']]"
GCISBEAS4003,GCISBEAS4003.emea.group.atlascopco.com,"[['10.126.149.20'], ['10.126.149.20'], ['10.126.149.20']]"
GCISBEDB4002,GCISBEDB4002.emea.group.atlascopco.com,"[['10.199.18.70'], ['10.26.14.142'], ['192.168.146.70'], ['10.199.18.70'], ['fe80::5164:b124:abb0:2bca', '10.26.14.142'], ['192.168.146.70'], ['192.168.146.70'], ['10.26.14.142'], ['fe80::5164:b124:abb0:2bca%2'], ['10.199.18.70']]"
GCNSBEWS0001,GCNSBEWS0001.ACDMZPRD.local,"[['10.126.132.20'], ['185.180.76.166'], ['fe80::895c:ea0e:c185:ec50', '10.126.132.20'], ['10.126.132.20'], ['fe80::895c:ea0e:c185:ec50%6']]"
GCNSBEWS0002,GCNSBEWS0002.ACDMZPRD.local,"[['10.126.132.21'], ['185.180.76.167'], ['fe80::9b4:f4d0:a587:471c', '10.126.132.21'], ['10.126.132.21'], ['fe80::9b4:f4d0:a587:471c%7']]"
GCNSBEWS0003,GCNSBEWS0003.ACDMZPRD.local,"[['10.126.132.22'], ['185.180.76.168'], ['fe80::d0cb:f8c9:4fac:e614', '10.126.132.22'], ['10.126.132.22'], ['fe80::d0cb:f8c9:4fac:e614%6']]"
HUASHUIS00301,HUASHUIS00301.atlascopco.group,"[['10.36.32.145'], ['fe80::8c51:31b4:2fbd:3bea', '10.36.32.149'], ['10.36.32.149'], ['fe80::8c51:31b4:2fbd:3bea%3']]"
ITHSBEWWP10000,ITHSBEWWP10000.ACDMZPRD.local,"[['172.26.1.30'], ['10.26.19.30'], ['193.109.73.157'], ['fe80::49a8:11aa:3eca:8ee1', '172.26.1.30'], ['fe80::9951:31da:4f49:7b60', '10.26.19.30'], ['10.26.19.30'], ['fe80::9951:31da:4f49:7b60'], ['172.26.1.30'], ['fe80::49a8:11aa:3eca:8ee1']]"
ITHSBEWWP10001,ITHSBEWWP10001.ACDMZPRD.local,"[['185.180.76.157'], ['10.126.132.74'], ['10.126.132.74'], ['10.126.132.74']]"
PTISBEAS1001,PTISBEAS1001.atlascopco.group,"[['10.126.146.60'], ['fe80::8847:b264:bebb:44b0', '10.126.146.60'], ['10.126.146.60'], ['fe80::8847:b264:bebb:44b0%4']]"
SISBEACSCOM01,SISBEACSCOM01.emea.group.atlascopco.com,"[['10.199.18.130'], ['10.26.17.16'], ['192.168.146.130'], ['10.199.18.130'], ['10.26.17.16'], ['192.168.146.130'], ['10.26.17.16'], ['192.168.146.130'], ['10.199.18.130']]"
SISBEACSCOM05,SISBEACSCOM05.emea.group.atlascopco.com,"[['10.26.17.205'], ['10.199.17.157'], ['192.168.145.157'], ['10.199.17.157'], ['fe80::296d:d721:1b0e:594e', '10.26.17.205'], ['192.168.145.157'], ['10.26.17.205'], ['fe80::296d:d721:1b0e:594e%2'], ['192.168.145.157'], ['10.199.17.157']]"
SSCSBEAP4001,SSCSBEAP4001.emea.group.atlascopco.com,"[['10.26.14.133'], ['10.26.14.133'], ['10.26.14.133']]"
SSCSBEAP4010,SSCSBEAP4010.atlascopco.group,"[['10.126.146.119'], ['fe80::8c08:a4b0:c28:c45', '10.126.149.33'], ['10.126.149.33'], ['fe80::8c08:a4b0:c28:c45']]"
SSCSBEAP4012,SSCSBEAP4012.atlascopco.group,"[['10.126.146.120'], ['10.126.149.32', '10.126.149.35'], ['10.126.149.35'], ['10.126.149.32']]"
SSCSBEAP4013,SSCSBEAP4013.atlascopco.group,"[['10.126.146.121'], ['fe80::3dda:eea2:11fe:482f', '10.126.149.36'], ['10.126.149.36'], ['fe80::3dda:eea2:11fe:482f']]"
SSCSBEAP4014,SSCSBEAP4014.atlascopco.group,"[['10.126.146.122'], ['fe80::bcb5:39b1:cf5b:2bef', '10.126.149.37'], ['10.126.149.37'], ['fe80::bcb5:39b1:cf5b:2bef']]"
SSCSBEAP4016,SSCSBEAP4016.atlascopco.group,"[['10.126.146.123'], ['10.126.147.27', '10.126.147.29'], ['10.126.147.29'], ['10.126.147.27']]"
SSCSBEAP4017,SSCSBEAP4017.atlascopco.group,"[['10.126.146.124'], ['10.126.147.28', '10.126.147.30'], ['10.126.147.30'], ['10.126.147.28']]"
SSCSBEAP4018,SSCSBEAP4018.atlascopco.group,"[['10.126.146.125'], ['fe80::75e3:4a20:dda1:dec3', '10.126.147.31'], ['10.126.147.31'], ['fe80::75e3:4a20:dda1:dec3']]"
SSCSBEAP4019,SSCSBEAP4019.atlascopco.group,"[['10.126.146.126'], ['fe80::a45c:536a:14e1:a759', '10.126.147.32'], ['10.126.147.32'], ['fe80::a45c:536a:14e1:a759']]"
SSCSBEAP4021,SSCSBEAP4021.atlascopco.group,"[['10.126.146.127'], ['10.126.145.173', '10.126.145.35'], ['10.126.145.35'], ['10.126.145.173']]"
SSCSBEAP4022,SSCSBEAP4022.atlascopco.group,"[['10.126.146.128'], ['10.126.145.174', '10.126.145.40'], ['10.126.145.40'], ['10.126.145.174']]"
SSCSBEAP4023,SSCSBEAP4023.atlascopco.group,"[['10.126.146.129'], ['10.126.145.175', '10.126.145.42'], ['10.126.145.42'], ['10.126.145.175']]"
SSCSBEAP4024,SSCSBEAP4024.atlascopco.group,"[['10.126.146.130'], ['10.126.145.176', '10.126.145.43'], ['10.126.145.43'], ['10.126.145.176']]"
SSCSBEAP4025,SSCSBEAP4025.atlascopco.group,"[['10.126.146.131'], ['fe80::d78:2caa:f3e6:6f4f', '10.126.145.177'], ['10.126.145.177'], ['fe80::d78:2caa:f3e6:6f4f']]"
SSCSBEAP4026,SSCSBEAP4026.atlascopco.group,"[['10.126.146.132'], ['fe80::85de:823c:d9d7:9a9f', '10.126.145.178'], ['10.126.145.178'], ['fe80::85de:823c:d9d7:9a9f']]"
SSCSBEAP4027,SSCSBEAP4027.atlascopco.group,"[['10.126.146.133'], ['fe80::d166:411c:4b68:8754', '10.126.145.179'], ['10.126.145.179'], ['fe80::d166:411c:4b68:8754']]"
SSCSBEAP4028,SSCSBEAP4028.atlascopco.group,"[['10.126.146.134'], ['fe80::9d77:aefa:ef0:1ab2', '10.126.145.180'], ['10.126.145.180'], ['fe80::9d77:aefa:ef0:1ab2']]"
SSCSBEAP4031,SSCSBEAP4031.atlascopco.group,"[['10.126.146.135'], ['10.126.145.181'], ['10.126.145.181']]"
SSCSBEAP4032,SSCSBEAP4032.atlascopco.group,"[['10.126.145.172'], ['fe80::38aa:7662:b193:1027', '10.126.145.172'], ['10.126.145.172'], ['fe80::38aa:7662:b193:1027']]"
SSCSBEAR0001,SSCSBEAR0001.atlascopco.group,"[['10.126.145.87'], ['fe80::89e5:8695:541:c369', '10.126.145.87'], ['10.126.145.87'], ['fe80::89e5:8695:541:c369%7']]"
SSCSBEASCH0002,SSCSBEASCH0002.emea.group.atlascopco.com,"[['10.126.144.166'], ['10.253.0.190'], ['fe80::25fd:5a2:f186:ffc2', '10.126.144.166'], ['fe80::bd09:c16c:a098:35e6', '10.253.0.190'], ['10.253.0.190'], ['fe80::bd09:c16c:a098:35e6'], ['10.126.144.166'], ['fe80::25fd:5a2:f186:ffc2']]"
SSCSBEASCH0003,SSCSBEASCH0003.emea.group.atlascopco.com,"[['10.253.0.189'], ['10.126.144.167'], ['fe80::59d3:b28a:aa5:788a', '10.253.0.189'], ['fe80::ed7a:8211:4609:998e', '10.126.144.167'], ['10.253.0.189'], ['fe80::59d3:b28a:aa5:788a'], ['10.126.144.167'], ['fe80::ed7a:8211:4609:998e']]"
SSCSBEAV01,SSCSBEAV01.acsis.local,"[['10.26.18.16'], ['10.26.18.16'], ['10.26.18.16']]"
SSCSBEIS4001,SSCSBEIS4001.emea.group.atlascopco.com,"[['10.26.17.132'], ['10.26.17.134'], ['10.26.17.132', '10.26.17.134'], ['10.26.17.134'], ['10.26.17.132']]"
SSCSBENO4124,SSCSBENO4124.atlascopco.group,"[['10.126.146.99'], ['fe80::401b:fde6:62b8:e68d', '10.126.146.99'], ['10.126.146.99'], ['fe80::401b:fde6:62b8:e68d%6']]"
SSCSBENO4162,SSCSBENO4162.atlascopco.group,"[['10.126.146.144'], ['fe80::81b9:a310:4377:abe8', '10.126.146.144'], ['10.126.146.144'], ['fe80::81b9:a310:4377:abe8%7']]"
SSIDBEJS4005,SSIDBEJS4005.emea.group.atlascopco.com,"[['10.26.20.140'], ['fe80::99cf:1f7c:8b47:898b', '10.26.20.140'], ['10.26.20.140'], ['fe80::99cf:1f7c:8b47:898b']]"
SSIDBEJS4006,SSIDBEJS4006.emea.group.atlascopco.com,"[['10.26.20.141'], ['fe80::ce6:1e96:94f1:8ccb', '10.26.20.141'], ['10.26.20.141'], ['fe80::ce6:1e96:94f1:8ccb']]"
SSIDBEJS4007,SSIDBEJS4007.emea.group.atlascopco.com,"[['10.26.20.139'], ['10.26.20.139'], ['fe80::d8c0:2aff:a0c6:2d51'], ['169.254.45.81'], ['fe80::1c68:9c4a:6277:873c'], ['169.254.135.60'], ['10.26.20.139'], [], []]"
SSIDBEJS4011,SSIDBEJS4011.emea.group.atlascopco.com,"[['10.126.144.201'], ['fe80::7805:74cd:31b9:b11d', '10.126.144.201'], ['10.126.144.201'], ['fe80::7805:74cd:31b9:b11d']]"
SSIDBEJS4012,SSIDBEJS4012.emea.group.atlascopco.com,"[['10.126.144.202'], ['fe80::74d2:c3bf:d846:138c', '10.126.144.202'], ['fe80::5d96:b90f:af30:690b'], ['169.254.105.11'], ['169.254.105.11'], ['fe80::5d96:b90f:af30:690b'], ['10.126.144.202'], ['fe80::74d2:c3bf:d846:138c']]"
SSISBEACSCOM01,SSISBEACSCOM01.emea.group.atlascopco.com,"[['10.199.17.110'], ['10.26.17.145'], ['fe80::d4f7:6a53:3e0:58c2', '10.199.17.110'], ['10.26.17.145'], ['fe80::7439:31bc:1445:8dd1', '192.168.146.35'], ['192.168.146.35'], ['fe80::7439:31bc:1445:8dd1%4'], ['10.26.17.145'], ['10.199.17.110'], ['fe80::d4f7:6a53:3e0:58c2%8']]"
SSISBEAP4065,SSISBEAP4065.emea.group.atlascopco.com,"[['10.126.172.20'], ['10.126.172.20'], ['10.126.172.20']]"
SSISBEAP4066,SSISBEAP4066.emea.group.atlascopco.com,"[['10.126.172.21'], ['10.126.172.21'], ['10.126.172.21']]"
SSISBEAP4071,SSISBEAP4071.emea.group.atlascopco.com,"[['10.126.172.26'], ['10.126.172.26'], ['10.126.172.26']]"
SSISBEAP4072,SSISBEAP4072.emea.group.atlascopco.com,"[['10.126.172.27'], ['10.126.172.27'], ['10.126.172.27']]"
SSISBEAP4073,SSISBEAP4073.emea.group.atlascopco.com,"[['10.126.172.28'], ['10.126.172.28'], ['10.126.172.28']]"
SSISBEAP4074,SSISBEAP4074.emea.group.atlascopco.com,"[['10.126.172.29'], ['10.126.172.29'], ['10.126.172.29']]"
SSISBEAP4075,SSISBEAP4075.emea.group.atlascopco.com,"[['10.126.172.30'], ['10.126.172.30'], ['10.126.172.30']]"
SSISBEAP4076,SSISBEAP4076.emea.group.atlascopco.com,"[['10.126.172.31'], ['10.126.172.31'], ['10.126.172.31']]"
SSISBEAP4091,SSISBEAP4091.emea.group.atlascopco.com,"[['10.26.14.37'], ['fe80::38c7:5ae5:7256:a537', '10.26.14.37'], ['10.26.14.37'], ['fe80::38c7:5ae5:7256:a537']]"
SSISBEAP4099,SSISBEAP4099.emea.group.atlascopco.com,"[['10.126.144.10'], ['fe80::c08:83da:8fe9:eb60', '10.126.144.10'], ['10.126.144.10'], ['fe80::c08:83da:8fe9:eb60']]"
SSISBEAPP10002,SSISBEAPP10002.ACDMZPRD.local,"[['193.109.73.233'], ['172.26.1.20'], ['10.126.166.20'], ['172.26.1.20'], ['172.26.1.20'], ['10.126.166.20']]"
SSISBEAPP10003,SSISBEAPP10003.ACDMZPRD.local,"[['10.26.15.241'], ['172.26.1.21'], ['10.126.166.21'], ['172.26.1.21'], ['10.126.166.21'], ['172.26.1.21']]"
SSISBEAPS10001,SSISBEAPS10001.acdmzstg.local,"[['10.26.22.12'], ['10.26.12.12'], ['193.109.73.181'], ['172.26.18.12'], ['10.26.22.12'], ['10.26.12.12'], ['10.26.12.12'], ['10.26.22.12'], ['172.26.18.12']]"
SSISBEAPSPPR01,SSISBEAPSPPR01.emea.group.atlascopco.com,"[['192.168.145.144'], ['10.199.17.4'], ['172.21.112.132'], ['10.26.17.115'], ['10.26.17.115'], ['169.254.176.116', '172.21.10.203'], ['192.168.145.144'], ['fe80::65d3:101f:edf5:f1b6', '10.199.17.4'], ['10.26.17.115'], ['192.168.145.144'], [], ['10.199.17.4'], ['fe80::65d3:101f:edf5:f1b6']]"
SSISBEAPSPPR02,SSISBEAPSPPR02.emea.group.atlascopco.com,"[['192.168.145.145'], ['10.199.17.5'], ['172.21.112.133'], ['10.26.17.116'], ['10.26.17.116'], ['172.21.10.204'], ['192.168.145.145'], ['fe80::8406:f194:9f09:169a', '10.199.17.5'], ['172.21.10.204'], ['10.199.17.5'], ['fe80::8406:f194:9f09:169a'], ['10.26.17.116'], ['192.168.145.145']]"
SSISBEAPSPPR03,SSISBEAPSPPR03.emea.group.atlascopco.com,"[['192.168.145.146'], ['10.199.17.6'], ['172.21.112.134'], ['10.26.17.117'], ['10.26.17.117'], ['172.21.10.205'], ['192.168.145.146'], ['fe80::24bf:bb89:fd0f:64b6', '10.199.17.6'], ['10.199.17.6'], ['fe80::24bf:bb89:fd0f:64b6'], ['192.168.145.146'], ['10.26.17.117'], ['172.21.10.205']]"
SSISBEAS4017,SSISBEAS4017.emea.group.atlascopco.com,"[['10.26.20.138'], ['10.26.20.138'], ['fe80::8497:a624:bea9:be25'], ['169.254.190.37'], ['169.254.190.37'], ['fe80::8497:a624:bea9:be25'], ['10.26.20.138']]"
SSISBEAS4025,SSISBEAS4025.emea.group.atlascopco.com,"[['10.199.16.180'], ['10.26.14.186'], ['192.168.144.188'], ['10.199.16.180'], ['10.26.14.186'], ['192.168.144.188'], ['10.26.14.186'], ['192.168.144.188'], ['10.199.16.180']]"
SSISBEAS4026,SSISBEAS4026.emea.group.atlascopco.com,"[['192.168.146.76'], ['10.26.14.187'], ['10.199.18.76'], [], [], [], ['192.168.146.76'], ['10.199.18.76'], ['10.26.14.187']]"
SSISBEAS4027,SSISBEAS4027.emea.group.atlascopco.com,"[['10.26.14.190'], ['10.26.14.190'], ['10.26.14.190']]"
SSISBEAS4028,SSISBEAS4028.emea.group.atlascopco.com,"[['10.26.14.193'], ['10.26.14.193'], ['10.26.14.193']]"
SSISBEAS4029,SSISBEAS4029.emea.group.atlascopco.com,"[['10.26.17.60'], ['fe80::790c:dad2:b4e5:184a', '10.26.17.60'], ['10.26.17.60'], ['fe80::790c:dad2:b4e5:184a%2']]"
SSISBEAS4030,SSISBEAS4030.emea.group.atlascopco.com,"[['10.26.14.40'], ['fe80::30d7:124d:bb29:66b6', '10.26.14.40'], ['10.26.14.40'], ['fe80::30d7:124d:bb29:66b6']]"
SSISBEASLI02,SSISBEASLI02.emea.group.atlascopco.com,"[['10.199.17.39'], ['192.168.145.39'], ['10.26.17.77'], ['10.199.17.39'], ['192.168.145.39'], ['10.26.17.77'], ['10.26.17.77'], ['192.168.145.39'], ['10.199.17.39']]"
SSISBECB0002,SSISBECB0002.atlascopco.group,"[['10.199.18.93'], ['10.26.14.99'], ['192.168.146.93'], ['172.23.24.21'], ['fe80::15bf:f9f8:b671:f736', '10.26.14.99'], ['fe80::7099:7101:6faa:d034', '10.199.18.93'], ['fe80::708f:1ee0:939e:1eab', '192.168.146.93'], ['192.168.146.93'], ['fe80::708f:1ee0:939e:1eab%12'], ['10.26.14.99'], ['fe80::15bf:f9f8:b671:f736%14'], ['10.199.18.93'], ['fe80::7099:7101:6faa:d034%4']]"
SSISBEDB4060,SSISBEDB4060.emea.group.atlascopco.com,"[['10.26.17.83'], ['10.26.17.135'], ['10.199.18.155'], ['192.168.146.155'], ['10.26.17.83', '10.26.17.135'], ['10.199.18.155'], ['192.168.146.155'], ['192.168.146.155'], ['10.199.18.155'], ['10.26.17.135'], ['10.26.17.83']]"
SSISBEDB4065,SSISBEDB4065.emea.group.atlascopco.com,"[['10.126.172.104'], ['10.126.172.103'], ['192.168.144.164'], ['10.199.16.53'], ['10.199.16.53'], ['192.168.144.164'], ['10.126.172.103', '10.126.172.104'], ['10.126.172.104'], ['10.126.172.103'], ['192.168.144.164'], ['10.199.16.53']]"
SSISBEDB4084,SSISBEDB4084.emea.group.atlascopco.com,"[['10.199.18.126'], ['10.26.14.215'], ['192.168.146.126'], ['10.26.14.213'], ['fe80::4062:1232:27c6:449c', '10.199.18.126'], ['fe80::58e1:5f9f:c84b:6f8', '10.26.14.213', '10.26.14.215'], ['fe80::5096:29e4:54a6:64a8', '192.168.146.126'], ['10.199.18.126'], ['fe80::4062:1232:27c6:449c%7'], ['10.26.14.215'], ['10.26.14.213'], ['fe80::58e1:5f9f:c84b:6f8%8'], ['192.168.146.126'], ['fe80::5096:29e4:54a6:64a8%3']]"
SSISBEDB4222,SSISBEDB4222.emea.group.atlascopco.com,"[['10.253.1.21'], ['10.199.18.222'], ['10.126.172.82'], ['192.168.146.222'], ['AIRCBEDB0022'], [], [], [], [], []]"
SSISBEDB4225,SSISBEDB4225.emea.group.atlascopco.com,"[['192.168.146.225'], ['10.126.172.93'], ['10.199.18.225'], ['192.168.146.225'], ['10.126.172.93'], ['fe80::71c9:46d7:c457:28b9', '10.199.18.225'], ['192.168.146.225'], ['10.126.172.93'], ['10.199.18.225'], ['fe80::71c9:46d7:c457:28b9%7']]"
SSISBEDB4371,SSISBEDB4371.emea.group.atlascopco.com,"[['10.199.16.66'], ['10.126.172.79'], ['192.168.16.66'], ['fe80::3d58:1dd:fd24:2614', '10.199.16.66'], ['10.126.172.79'], ['fe80::69ac:ab70:2ad6:259a', '192.168.16.66'], ['10.199.16.66'], ['fe80::3d58:1dd:fd24:2614%3'], ['192.168.16.66'], ['fe80::69ac:ab70:2ad6:259a%6'], ['10.126.172.79']]"
SSISBEDB4373,SSISBEDB4373.emea.group.atlascopco.com,"[['10.126.172.170'], ['10.126.172.169'], ['10.126.172.172'], ['10.126.172.173'], ['10.126.172.174'], ['10.199.18.203'], ['192.168.144.162'], ['fe80::655e:a600:9d11:d931', '10.126.173.70'], ['10.126.172.170', '10.126.172.173', '10.126.172.174'], ['10.199.18.203'], ['192.168.144.162'], ['fe80::c3f:7995:a41:4f46'], ['169.254.1.210'], ['10.199.18.203'], ['10.126.173.70'], ['fe80::655e:a600:9d11:d931'], ['192.168.144.162'], ['10.126.172.174'], ['10.126.172.173'], ['10.126.172.170']]"
SSISBEDB4374,SSISBEDB4374.emea.group.atlascopco.com,"[['10.126.172.169'], ['10.126.172.171'], ['192.168.144.163'], ['10.199.18.204'], ['fe80::a929:4c0e:aa3b:deaf', '10.126.173.71'], ['10.126.172.171', '10.126.172.169'], ['10.199.18.204'], ['192.168.144.163'], ['fe80::b590:725b:71dd:8850'], ['169.254.2.96'], ['10.126.172.169'], ['10.126.172.171'], ['192.168.144.163'], ['10.126.173.71'], ['fe80::a929:4c0e:aa3b:deaf'], ['10.199.18.204']]"
SSISBEDB4377,SSISBEDB4377.emea.group.atlascopco.com,"[['10.199.17.200'], ['10.126.172.175'], ['10.126.172.179'], ['192.168.145.200'], ['AIRREPORTDEV01'], ['SQLREPORT2012DEV'], ['AIRCBEDB0142'], ['aircbedb0143\\STG'], ['10.199.17.200'], ['10.126.172.175', '10.126.172.179'], ['192.168.145.200'], ['10.199.17.200'], ['192.168.145.200'], ['10.126.172.179'], ['10.126.172.175']]"
SSISBEDBSQSPPR1,SSISBEDBSQSPPR1.emea.group.atlascopco.com,"[['192.168.145.151'], ['172.21.10.206'], ['172.21.112.135'], ['10.26.17.118'], ['10.26.17.118'], ['172.21.10.206'], ['192.168.145.151'], ['10.26.17.118'], ['172.21.10.206'], ['192.168.145.151']]"
SSISBEIS00106,SSISBEIS00106.atlascopco.group,"[['10.25.58.37'], ['10.25.58.37'], ['10.25.58.37']]"
SSISBEIS00107,SSISBEIS00107.atlascopco.group,"[['10.25.52.172'], ['10.25.52.172'], ['10.25.52.172']]"
SSISBEIS4016,SSISBEIS4016.emea.group.atlascopco.com,"[['10.26.14.140'], ['10.26.14.140'], ['10.26.14.140']]"
SSISBEIS4017,SSISBEIS4017.emea.group.atlascopco.com,"[['10.26.14.141'], ['fe80::bdd4:b467:79d9:386e', '10.26.14.141'], ['fe80::edfc:2f2:82fa:96be'], ['169.254.150.190'], ['10.26.14.141'], ['fe80::3892:9bca:c51e:1dca']]"
SSISBEIS4021,SSISBEIS4021.emea.group.atlascopco.com,"[['10.26.14.154'], ['10.26.14.154'], ['10.199.16.93'], ['10.26.14.154'], ['10.199.16.93'], ['10.26.14.154']]"
SSISBEISCH0001,SSISBEISCH0001.group.atlascopco.com,"[['10.253.0.223'], ['10.126.144.117'], ['fe80::a017:4195:21d1:cb6d', '10.253.0.223'], ['fe80::44fe:2de4:9f1e:eb76', '10.126.144.117'], ['10.126.144.117'], ['fe80::44fe:2de4:9f1e:eb76'], ['10.253.0.223'], ['fe80::a017:4195:21d1:cb6d']]"
SSISBEISP10001,SSISBEISP10001.dmz.atlascopco-external.com,"[['169.254.171.11'], ['192.168.3.21']]"
SSISBEPTRN1,SSISBEPTRN1.emea.group.atlascopco.com,"[['10.26.17.121'], ['10.26.17.121'], ['10.26.17.121'], ['10.26.17.121']]"
SSISBEPTRN2,SSISBEPTRN2.emea.group.atlascopco.com,"[['10.26.17.181'], ['10.26.17.181'], ['10.26.17.181']]"
SSISBESDB01,SSISBESDB01.atlascopco.group,"[['10.199.17.201'], ['10.126.160.61'], ['192.168.17.201'], ['fe80::cc97:b41a:f1f1:10f', '10.199.17.201'], ['10.126.160.61'], ['fe80::c4ee:d3e6:79f9:6a81', '192.168.17.201'], ['10.199.17.201'], ['fe80::cc97:b41a:f1f1:10f%9'], ['192.168.17.201'], ['fe80::c4ee:d3e6:79f9:6a81%10'], ['10.126.160.61']]"
SSISBESMP01,SSISBESMP01.emea.group.atlascopco.com,"[['10.126.145.66'], ['10.126.145.66'], ['10.126.145.66']]"
SSISBESMPIG01,SSISBESMPIG01.ACDMZPRD.local,"[['185.180.76.141'], ['10.126.132.11'], ['10.126.132.11'], ['10.126.132.11']]"
SSISBESSS001,SSISBESSS001.emea.group.atlascopco.com,"[['10.25.58.35'], ['10.253.0.184'], ['10.253.0.166'], ['fe80::1162:3d3f:3127:474f', '10.25.58.35'], ['fe80::901b:d9ae:b078:699', '10.253.0.184'], ['fe80::e86d:81ff:75aa:555b', '10.253.0.166'], ['10.25.58.35'], ['fe80::1162:3d3f:3127:474f'], ['10.253.0.184'], ['fe80::901b:d9ae:b078:699'], ['10.253.0.166'], ['fe80::e86d:81ff:75aa:555b']]"
SSISBETS0001,SSISBETS0001.emea.group.atlascopco.com,"[['10.199.17.65'], ['192.168.145.65'], ['10.26.14.120'], ['10.199.17.65'], ['192.168.145.65'], ['10.26.14.120'], ['10.26.14.120'], ['192.168.145.65'], ['10.199.17.65']]"
SSISBETS0005,SSISBETS0005.emea.group.atlascopco.com,"[['10.199.18.56'], ['10.26.14.97'], ['192.168.146.56'], ['fe80::d100:b2c1:46b9:430a', '10.199.18.56'], ['fe80::38dc:8078:de18:3304', '10.26.14.97'], ['fe80::c4cb:7515:f46b:f175', '192.168.146.56'], ['192.168.146.56'], ['fe80::c4cb:7515:f46b:f175%8'], ['10.26.14.97'], ['fe80::38dc:8078:de18:3304%6'], ['10.199.18.56'], ['fe80::d100:b2c1:46b9:430a%13']]"
SSISCNAS0051,SSISCNAS0051.atlascopco.group,"[['10.186.129.151'], ['10.186.129.151'], ['10.186.129.151']]"
SSISCNWU0001,SSISCNWU0001.group.atlascopco.com,"[['10.186.129.206'], [], ['10.186.129.206']]"
SSISGLISDARCA2,SSISGLISDARCA2.atlascopco.group,"[['10.76.113.8'], ['10.76.113.8'], ['fe80::3d20:eab9:80e9:ad19%2']]"
SSISGLISDARCA3,SSISGLISDARCA3.atlascopco.group,"[['10.76.113.8'], ['10.76.113.7'], ['fe80::55f9:9a0b:e8d9:82cf%2']]"
SSISGLISDARCA4,SSISGLISDARCA4.atlascopco.group,"[['10.76.113.6'], ['10.76.113.6'], ['fe80::7443:9372:d069:37fe%2']]"
SSISINBPCS001,SSISINBPCS001.apac.group.atlascopco.com,"[['10.191.2.10'], ['10.191.2.10'], ['fe80::f4e0:73fe:c9ba:ba67']]"
SSISNLISDK0003,SSISNLISDK0003.atlascopco.group,"[['10.76.113.25'], ['10.76.113.25'], ['fe80::843d:36bf:6d54:a1f5%3']]"
SSISNLWU0001,SSISNLWU0001.atlascopco.group,"[['10.76.113.36'], ['10.76.113.36'], ['fe80::fd66:7d65:2bc1:dd20%3']]"
SSISSGAS0810,SSISSGAS0810.apac.group.atlascopco.com,"[['10.72.0.30'], ['10.72.0.30'], ['10.72.0.30']]"
SSISSGAS0817,SSISSGAS0817.apac.group.atlascopco.com,"[['10.72.0.48'], ['10.72.0.48'], ['10.72.0.48']]"
SSISSGAS0837,SSISSGAS0837.WORKGROUP,"[['10.72.2.148'], ['203.95.68.17'], ['10.72.2.148'], ['10.72.2.148']]"
SSISSGDC0802,SSISSGDC0802.atlascopco.group,"[['10.72.0.66'], ['10.72.0.66'], ['10.72.0.66']]"
SSISSGISDK0003,SSISSGISDK0003.atlascopco.group,"[['10.76.16.9'], ['10.76.16.9'], ['fe80::f9a9:49bc:987a:5aa3%2']]"
SSISSGSQL001,SSISSGSQL001.apac.group.atlascopco.com,"[['10.72.0.73'], ['10.72.0.72'], ['10.72.0.70'], ['10.72.0.70'], ['10.72.0.70', '10.72.0.73'], ['169.254.2.24'], ['10.72.0.73'], ['10.72.0.70']]"
SSISSGSQL002,SSISSGSQL002.apac.group.atlascopco.com,"[['10.72.0.71'], ['10.72.0.72'], ['10.72.0.73'], ['10.72.0.71', '10.72.0.72'], ['169.254.1.39'], ['10.72.0.72'], ['10.72.0.71']]"
SSISSGSQL100,SSISSGSQL100.apac.group.atlascopco.com,"[['10.72.0.63'], ['10.72.0.57'], ['10.72.0.58'], ['10.72.0.57', '10.72.0.58', '10.72.0.63'], ['10.72.0.63'], ['10.72.0.58'], ['10.72.0.57']]"
SSISSGWU0001,SSISSGWU0001.apac.group.atlascopco.com,"[['10.72.0.45'], ['10.72.0.45'], ['10.72.0.45']]"
SSISSGWW0802,SSISSGWW0802.WORKGROUP,"[['10.72.2.138'], ['203.95.68.9'], ['10.72.2.138'], ['10.72.2.138']]"
SSISUSISDK0003,SSISUSISDK0003.atlascopco.group,"[['10.76.208.9'], ['10.76.208.9'], ['fe80::dc42:5120:bee7:2930%3']]"
TDESBEAS0001,TDESBEAS0001.ACDMZSTG.local,"[['10.126.132.25'], ['185.180.76.153'], ['fe80::80d4:a5e2:35a0:e1b8', '10.126.132.25'], ['10.126.132.25'], ['fe80::80d4:a5e2:35a0:e1b8%13']]"
TMGSSEMSTFS01,TMGSSEMSTFS01.emea.group.atlascopco.com,"[['10.126.144.99'], ['10.126.144.99'], ['10.126.144.99']]"
TMGSSERS03,TMGSSERS03.emea.group.atlascopco.com,"[['10.126.144.93'], ['10.126.144.93'], ['10.126.144.93']]"
TMGSSESHUB01,TMGSSESHUB01.emea.group.atlascopco.com,"[['10.126.144.164'], ['10.126.144.164'], ['10.126.144.164']]"
TMGSSEVIDB01,TMGSSEVIDB01.emea.group.atlascopco.com,"[['10.126.144.96'], ['10.126.144.96'], ['10.126.144.96']]"
TOOSBEAP4001,TOOSBEAP4001.emea.group.atlascopco.com,"[['10.26.17.35'], ['10.26.17.35'], ['10.26.17.35']]"
TOOSBEPANT01,TOOSBEPANT01.emea.group.atlascopco.com,"[['10.126.145.15'], ['10.126.145.15'], ['10.126.145.15']]"
TOOSBEPDMTAPP01,TOOSBEPDMTAPP01.emea.group.atlascopco.com,"[['10.126.149.21'], ['fe80::20bd:ba58:574b:272d', '10.126.149.21'], ['10.126.149.21'], ['fe80::20bd:ba58:574b:272d']]"
TOOSBESAIDT10,TOOSBESAIDT10.acdmzstg.local,"[['185.180.76.140'], ['10.126.132.68'], ['fe80::ed82:1be8:8622:6e54', '10.126.145.253'], ['10.126.132.68'], ['10.126.145.253'], ['fe80::ed82:1be8:8622:6e54'], ['10.126.132.68']]"
TOOSBESERVAID01,TOOSBESERVAID01.ACDMZPRD.local,"[['185.180.76.139'], ['10.126.132.10'], ['fe80::a872:bf27:42b3:52a1', '10.126.145.254'], ['10.126.132.10'], ['10.126.145.254'], ['fe80::a872:bf27:42b3:52a1'], ['10.126.132.10']]"
TOOSEBEPSAID001,TOOSEBEPSAID001.emea.group.atlascopco.com,"[['10.126.145.64'], ['10.126.145.64'], ['10.126.145.64']]"
TOOSSEAS0012,TOOSSEAS0012.atlascopco.group,"[['10.76.115.8'], ['10.76.115.8'], ['fe80::9001:974d:28b0:2415%9']]"
TOOSSEAS0021,TOOSSEAS0021.atlascopco.group,"[['10.76.112.36'], ['10.76.112.36'], ['fe80::d1eb:881d:a250:d4d4']]"
TOOSSEAS0022,TOOSSEAS0022.atlascopco.group,"[['10.76.112.37'], ['10.76.112.37'], ['fe80::1e9:d0e9:2d63:e714']]"
TOOSSEAS0023,TOOSSEAS0023.atlascopco.group,"[['10.76.112.121'], ['10.76.112.121'], ['fe80::353d:9748:9937:7486']]"
TOOSSEAS0024,TOOSSEAS0024.atlascopco.group,"[['10.76.112.122'], ['10.76.112.122'], ['fe80::dd47:fd7a:9c71:b02c']]"
TOOSSEAS0025,TOOSSEAS0025.atlascopco.group,"[['10.76.112.123'], ['10.76.112.123'], ['fe80::d0f:3d40:28da:d145']]"
TOOSSEAS0026,TOOSSEAS0026.atlascopco.group,"[['10.76.112.124'], ['10.76.112.124'], ['fe80::7983:f29d:db2d:a06c']]"
TOOSSEAS0027,TOOSSEAS0027.atlascopco.group,"[['10.76.112.125'], ['10.76.112.125'], ['fe80::84f3:33ab:2ce9:618']]"
TOOSSEAS0028,TOOSSEAS0028.atlascopco.group,"[['10.76.112.126'], ['10.76.112.126'], ['fe80::f82f:4492:4469:7a6a']]"
TOOSSEAS0029,TOOSSEAS0029.atlascopco.group,"[['10.76.112.88'], ['10.76.112.88'], ['fe80::eca3:1556:fe11:ed7b']]"
TOOSSEAS0030,TOOSSEAS0030.atlascopco.group,"[['10.76.112.88'], ['10.76.112.89'], ['fe80::6c51:9436:de8d:f8a5']]"
TOOSSEDB55,TOOSSEDB55.workgroup,"[['10.126.160.31'], ['192.168.146.166'], ['10.126.160.31'], ['192.168.146.166']]"
TOOSSEJNK01,TOOSSEJNK01.emea.group.atlascopco.com,"[['10.46.17.206'], ['10.126.144.124'], ['192.168.64.1'], ['192.168.89.1'], ['10.46.17.206'], ['fe80::845d:5ee8:b8f0:b0dd', '192.168.89.1'], ['fe80::191e:9859:f026:329e', '192.168.64.1'], ['10.46.17.206'], ['192.168.64.1'], ['fe80::191e:9859:f026:329e'], ['192.168.89.1'], ['fe80::845d:5ee8:b8f0:b0dd']]"
TOOSSEPDMLNK04,TOOSSEPDMLNK04.emea.group.atlascopco.com,"[['10.146.196.31'], ['fe80::534:c7c:dff7:b748', '10.146.196.31'], ['10.146.196.31'], ['fe80::534:c7c:dff7:b748']]"
TOOSSESR001,TOOSSESR001.workgroup,"[['10.126.132.4'], ['185.180.76.134'], ['185.180.76.135'], ['10.126.132.4'], ['2002:b9b4:4c87::b9b4:4c87'], ['185.180.76.135'], ['10.126.132.4']]"
TOOSSEST4001,TOOSSEST4001.emea.group.atlascopco.com,"[['10.146.196.38'], ['10.146.196.38'], ['10.146.196.38']]"
TOPBEAP0001,TOPBEAP0001.emea.group.atlascopco.com,"[['10.199.18.191'], ['10.126.160.11'], ['192.168.146.191'], ['10.126.160.11'], ['10.199.18.191'], ['10.126.160.11'], ['192.168.146.191'], ['10.126.160.11'], ['192.168.146.191'], ['10.199.18.191']]"
TOPTS0001,TOPTS0001.emea.group.atlascopco.com,"[['10.126.132.12'], ['10.126.144.25'], ['10.26.2.31'], ['fe80::c1f3:2921:8c5:15db', '10.126.132.12', '169.254.21.219'], ['fe80::ed4c:8cb:ca2b:cbf1', '10.126.144.25'], ['fe80::6db5:8790:d538:b742', '10.26.2.31'], ['10.126.144.25'], ['fe80::ed4c:8cb:ca2b:cbf1%7'], ['10.26.2.31'], ['fe80::6db5:8790:d538:b742%8'], ['10.126.132.12'], ['fe80::c1f3:2921:8c5:15db%4']]"
TRPSBEAS07,TRPSBEAS07.EMEA.group.atlascopco.com,"[['10.126.146.19'], ['fe80::5010:6213:3be2:7f8d', '10.126.146.19'], ['10.126.146.19'], ['fe80::5010:6213:3be2:7f8d%4']]"
ACPSBEAPSYST14,no FQDN,no IP
ACPSBEAPSYST15,no FQDN,no IP
AIRCBEAP4325,no FQDN,no IP
